INSERT INTO Client (id, name, room) VALUES (1, 'Отдел кредитования', 301)

INSERT INTO ExpendableType (id, type) VALUES (1, 'голубой картридж'), (2, 'желтый картридж'), (3, 'картридж'), (4, 'пурпурный картридж'), (5, 'фотобарабан'), (6, 'цветной картридж'), (7, 'черный картридж')

INSERT INTO Maker (id, name) VALUES (1, 'HP'), (2, 'Lexmark'), (3, 'Samsung'), (4, 'Xerox')

INSERT INTO DealType (id, type) VALUES (1, 'Поступление'), (2, 'Расход')

INSERT INTO Printer (id, maker_id, model) VALUES (1, 2, 'E250'), (2, 2, 'E450'), (3, 2, 'E450'), (4, 2, 'E460'), (5, 2, 'E460'), (6, 2, 'MS510'), (7, 2, 'MS510'), (8, 2, 'MS811'), (9, 2, 'MS811'), (10, 2, 'MS812'), (11, 2, 'MS812'), (12, 2, 'MX310'), (13, 2, 'MX510'), (14, 2, 'MX711'), (15, 2, 'MX711'), (16, 2, 'T644'), (17, 2, 'T650'), (18, 2, 'T654 de'), (19, 2, 'T656'), (20, 2, 'W840'), (21, 2, 'W840'), (22, 2, 'W850'), (23, 2, 'W850'), (24, 2, 'X264dn'), (25, 2, 'X463'), (26, 2, 'X464'), (27, 2, 'X651de'), (28, 2, 'X658'), (29, 2, 'X748'), (30, 2, 'X748'), (31, 2, 'X748'), (32, 2, 'X748'), (33, 2, 'X748'), (34, 2, 'X862de'), (35, 2, 'X862de'), (36, 1, 'Deskjet 5943'), (37, 1, 'Deskjet 5943'), (38, 1, 'HP Officejet Mobile 100'), (39, 1, 'HP Officejet Mobile 100'), (40, 1, 'Laser Pro MER M125'), (41, 1, 'M1132 MFP'), (42, 3, 'ML-2160'), (43, 4, 'Phaser 7500dn'), (44, 4, 'Phaser 7500dn'), (45, 4, 'Phaser 7500dn'), (46, 4, 'Phaser 7500dn')

INSERT  INTO Expendable (id, expendabletype_id, printer_id, model) VALUES (1, 2, 3, 1, 'E250A11E'), (2, 3, 2, 'E450H11E'), (3, 5, 2, 'E250X22G'), (4, 3, 3, 'E460X11E'), (5, 5, 3, 'E260X22G'), (6, 3, 4, '50F5U00'), (7, 5, 4, '50F0Z00'), (8, 3, 5, '52D5X0E'), (9, 5, 5, '52D0Z00'), (10, 3, 6, '52D5X00'), (11, 5, 6, '52D0Z00'), (12, 3, 7, '60F5H00'), (13, 3, 8, '60F5X00'), (14, 3, 9, '62D5X00'), (15, 5, 9, '52D0Z00'), (16, 3, 10, '64416XE'), (17, 3, 11, 'T650H11E'), (18, 3, 12, 'T654X11E'), (19, 3, 13, ''), (20, 5, 14, 'W84030H'), (21, 3, 14, 'W84020H'), (22, 5, 15, 'W850H22G'), (23, 3, 15, 'W850H21G'), (24, 3, 16, 'X264H11G'), (25, 3, 17, 'E460X11E'), (26, 3, 18, 'E460X11E'), (27, 3, 19, 'X651H11E'), (28, 3, 20, 'X651H11E'), (29, 7, 21, 'X746H1KG'), (30, 1, 21, 'X748H1CG'), (31, 4, 21, 'X748H1MG'), (32, 2, 21, 'X748H1YG'), (33, 5, 21, 'C734X77G'), (34, 3, 22, 'X860H21G'), (35, 5, 22, 'X860H22G'), (36, 7, 23, 'C8767HE (130)'), (37, 6, 23, 'C9363HE (134)'), (38, 7, 24, 'C9364HE (129)'), (39, 6, 24, 'C8766HE (135)'), (40, 3, 25, 'CF283A'), (41, 3, 26, 'CE285AF'), (42, 3, 27, 'MLT-D101S'), (43, 7, 28, '106R01446'), (44, 1, 28, '106R01443'), (45, 4, 28, '106R01444'), (46, 2, 28, '106R01445')